andreimarc,1999-03-10 00:00:00,1990310126782,Andrei,M,Marc,andreimarc,CUSTOMER
roxana_pop,1997-05-05 00:00:00,1970505126790,Roxana,F,Pop,roxana_pop,CUSTOMER
admin,1980-05-05 00:00:00,1800505126952,Website,M,Administrator,admin,ADMIN
cristiana_popa,1960-04-04 00:00:00,1760404125675,Cristiana,F,Popa,cristiana_popa,CUSTOMER
robert_cobzariu,1999-03-12 00:00:00,1990312126736,Robert,M,Cobzariu,robert_cobzariu,CUSTOMER
andrei_coblis,1999-07-13 00:00:00,1990713126736,Andrei,M,Coblis,andrei_coblis,CUSTOMER
isabela_balogh,1999-07-07 00:00:00,1990707126736,Isabela,F,Balogh,isabela_balogh,CUSTOMER
cristian_ciont,1999-08-13 00:00:00,1980813126736,Cristian,M,Ciont,cristian_ciont,CUSTOMER
bogdan_muresan,1998-02-06 00:00:00,1980206126736,Bogdan,M,Muresan,bogdan_muresan,CUSTOMER
rgyde0,1949-05-25 00:00:00,5108751099409755,Rodolphe,M,Gyde,2H7tG4WZOm,CUSTOMER
fgambie0,1974-05-28 00:00:00,3528291688283821,Filmer,M,Gambie,u1ImTk4Fqct,CUSTOMER
jdacks1,1945-04-21 00:00:00,4041377649571622,Jorrie,F,Dacks,vzbWSNH3H,CUSTOMER
oashplant2,1962-10-04 00:00:00,3571876675607705,Olympe,F,Ashplant,efQ2WVilJ,CUSTOMER
kghest3,1936-05-19 00:00:00,63041552513647866,Kev,M,Ghest,W5RU1qf3Q,CUSTOMER
alethley4,1935-09-16 00:00:00,5602213554241133211,Anestassia,F,Lethley,Ww4toernvM,CUSTOMER
cbutten5,1963-06-29 00:00:00,3580861166632585,Casi,F,Butten,gtU8r8hlZ,CUSTOMER
cbolgar6,2001-12-30 00:00:00,6383947969892856,Corie,F,Bolgar,jGdg4XtCrCi7,CUSTOMER
jdoniso7,1936-12-23 00:00:00,503884466363020154,Jordana,F,Doniso,8WgO7Dy3Rsj,CUSTOMER
ngulliver8,1950-08-03 00:00:00,3530175704037590,Nicky,M,Gulliver,aa1b9RWFjY,CUSTOMER
bsarson9,1944-07-29 00:00:00,4026668398583407,Babara,F,Sarson,HUDscNYOEj5g,CUSTOMER
klambertza,1992-01-07 00:00:00,3555953761088981,Kippy,M,Lambertz,YCMZodt,CUSTOMER
lmcreynoldb,1932-06-25 00:00:00,67096858903262405,Lanna,F,McReynold,04PMWw8Xb6,CUSTOMER
ofrendc,1950-10-02 00:00:00,3553243311491782,Opalina,F,Frend,VNG7ODwW,CUSTOMER
lbolesworthd,1934-08-04 00:00:00,3578463728890225,Lincoln,M,Bolesworth,lQcNdQyytV,CUSTOMER
lheyburne,1972-10-13 00:00:00,337941146203491,Lillian,F,Heyburn,HR8SwrTn,CUSTOMER
dsommerlyf,1972-08-31 00:00:00,3562321059684989,Drucill,F,Sommerly,PxZYH2,CUSTOMER
hliliong,1951-05-29 00:00:00,3543574462517667,Hugibert,M,Lilion,qRfKP2,CUSTOMER
ksoallh,1945-02-05 00:00:00,5100177773707371,Kerianne,F,Soall,NmURclZQKDd,CUSTOMER
ccavillai,1982-06-04 00:00:00,4903023981126623094,Chaddy,M,Cavilla,0AWm6yv,CUSTOMER
rstuehmeierj,1939-04-10 00:00:00,5602234985856851,Roanne,F,Stuehmeier,ayV4OqqXix1j,CUSTOMER
delivery,1970-07-07 00:00:00,1700707125624,Delivery,M,Guy,delivery,DELIVERY_GUY
